venue_id,venue_name,street,city,state,zip,"Geocodio Latitude","Geocodio Longitude","Geocodio Accuracy Score","Geocodio Accuracy Type","Geocodio Address Line 1","Geocodio Address Line 2","Geocodio Address Line 3","Geocodio House Number","Geocodio Street","Geocodio Unit Type","Geocodio Unit Number","Geocodio City","Geocodio State","Geocodio County","Geocodio Postal Code","Geocodio Country","Geocodio Source","Geocodio Stable Address Key","Geocodio Match Type"
VEN-3471,"Arizona Charlie's Boulder","4575 BOULDER HWY","Las Vegas",Nevada,89121,36.124389,-115.075223,1,rooftop,"4575 Boulder Hwy",,"Las Vegas, NV 89121",4575,"Boulder Hwy",,,"Las Vegas",NV,"Clark County",89121,US,Clark,gcod_usnrrp4xxd95cyteljy3k5xpb7cg3,building_centroid
VEN-3476,"Barton's Club 93","1002 US HWY 93",Jackpot,Nevada,89825,41.987976,-114.672204,1,rooftop,"1002 US-93 Hwy",,"Jackpot, NV 89825",1002,"US-93 Hwy",,,Jackpot,NV,"Elko County",89825,US,Elko,gcod_usnq88tay4cuy2x9pj3gummrc575c,building_centroid
VEN-3477,Bellagio,"3600 LAS VEGAS BLVD S","Las Vegas",Nevada,89109,36.113798,-115.172863,1,range_interpolation,"3600 Las Vegas Blvd S",,"Las Vegas, NV 89109",3600,"Las Vegas Blvd S",,,"Las Vegas",NV,"Clark County",89109,US,"TIGER/Line® from the US Census Bureau",gcod_usntu9rybrtuk4cfgbv4pvtaebhmg,
VEN-3478,"Bighorn Casino","3016 E LAKE MEAD BLVD","N Las Vegas",Nevada,89030,36.196281,-115.106446,1,rooftop,"3016 E Lake Mead Blvd",N,"North Las Vegas, NV 89030",3016,"E Lake Mead Blvd",,N,"North Las Vegas",NV,"Clark County",89030,US,Clark,gcod_usnsk5p2wxu6q3mhexlvxu2ypd7k3-ax4k5v5wp9rwb,building_centroid
VEN-3482,"Boomtown Reno","8425 BOOMTOWN-GARSON RD",Reno,Nevada,89523,39.515313,-119.971005,0.69,street_center,"Boomtown Garson Rd",,"Verdi, NV 89439",,"Boomtown Garson Rd",,,Verdi,NV,"Washoe County",89439,US,"TIGER/Line® dataset from the US Census Bureau",gcod_usst83cle4qan529,
VEN-3494,"Casino Royale","3411 LAS VEGAS BLVD S","Las Vegas",Nevada,89109,36.121115,-115.171905,1,range_interpolation,"3411 Las Vegas Blvd S",,"Las Vegas, NV 89109",3411,"Las Vegas Blvd S",,,"Las Vegas",NV,"Clark County",89109,US,"TIGER/Line® from the US Census Bureau",gcod_usntu9rybrtuk4cf9e8ygmse8a6t6,
VEN-3503,"Colt Casino","1595 ESMERALDA AVE",Minden,Nevada,89423,38.953295,-119.763393,1,rooftop,"1595 Esmeralda Ave",,"Minden, NV 89423",1595,"Esmeralda Ave",,,Minden,NV,"Douglas County",89423,US,Douglas,gcod_usnrz25w8my8cchdxuktlzpyugfq8,building_centroid
VEN-3510,"Diamond Casino","1010 E 6TH ST",Reno,Nevada,89512,39.533998,-119.798785,1,rooftop,"1010 E 6th St",,"Reno, NV 89512",1010,"E 6th St",,,Reno,NV,"Washoe County",89512,US,Washoe,gcod_usnjlflwem52wwch2fxntarl7wnka,building_centroid
VEN-3512,"Downtown Grand","206 N 3RD ST","Las Vegas",Nevada,89101,36.171939,-115.141638,1,range_interpolation,"206 N 3rd St",,"Las Vegas, NV 89101",206,"N 3rd St",,,"Las Vegas",NV,"Clark County",89101,US,"TIGER/Line® from the US Census Bureau",gcod_usn3pt2f856jfp7gypgm2hk6qsl75,
VEN-3515,"El Capitan Hotel & Casino","541 F ST",Hawthorne,Nevada,89415,38.525109,-118.623938,1,rooftop,"541 F St",,"Hawthorne, NV 89415",541,"F St",,,Hawthorne,NV,"Mineral County",89415,US,Mineral,gcod_usndmhfb2jm5tjzhpvnts3fpvvud7,
VEN-3529,"Four Jacks Hotel & Casino","1702 US HWY 93",Jackpot,Nevada,89825,41.981256,-114.674206,1,rooftop,"1702 US-93 Hwy",,"Jackpot, NV 89825",1702,"US-93 Hwy",,,Jackpot,NV,"Elko County",89825,US,Elko,gcod_usnq88tay4cuy2x9nl94bqgj7bnha,building_centroid
VEN-3532,"Gold Dust West Carson","2171 E WILLIAM ST","Carson City",Nevada,89701,39.173405,-119.743677,1,rooftop,"2171 E William St",,"Carson City, NV 89701",2171,"E William St",,,"Carson City",NV,"Carson City",89701,US,"Carson City",gcod_usnblcltemsrrw9e9d49ukuejkhwf,building_centroid
VEN-3533,"Gold Dust West Elko","1660 MOUNTAIN CITY HWY",Elko,Nevada,89801,40.832727,-115.784227,1,rooftop,"1660 Mountain City Hwy",,"Elko, NV 89801",1660,"Mountain City Hwy",,,Elko,NV,"Elko County",89801,US,Elko,gcod_usnqpfqtsjqe636egxzmq88snxk2d,building_centroid
VEN-3540,"Golden Gate Casino","1 FREMONT ST","Las Vegas",Nevada,89101,36.170969,-115.146393,1,rooftop,"1 Fremont St",,"Las Vegas, NV 89101",1,"Fremont St",,,"Las Vegas",NV,"Clark County",89101,US,"Las Vegas",gcod_usnp72qj7ap4ubufr5bly3ytryx9c,parcel_centroid
VEN-3553,"Horseshoe Hotel & Casino","1220 HWY 93",Jackpot,Nevada,89825,41.985362,-114.673613,1,rooftop,"1220 US-93 Hwy",,"Jackpot, NV 89825",1220,"US-93 Hwy",,,Jackpot,NV,"Elko County",89825,US,Elko,gcod_usnq88tay4cuy2x9r2xgescy6pl2b,building_centroid
VEN-3562,"Klondike Sunset Casino","444 W SUNSET RD",Henderson,Nevada,89011,36.064408,-115.015227,1,rooftop,"444 W Sunset Rd",,"Henderson, NV 89011",444,"W Sunset Rd",,,Henderson,NV,"Clark County",89011,US,"Las Vegas",gcod_usnsq2cjrdqesxxcpel2muznvtw2e,building_centroid
VEN-3609,"Roadhouse Casino","1165 E JENNINGS WAY",Elko,Nevada,89801,40.852849,-115.748923,1,rooftop,"1165 E Jennings Way",,"Elko, NV 89801",1165,"E Jennings Way",,,Elko,NV,"Elko County",89801,US,Elko,gcod_usn497cdjmgr2vu9gbce95ul5gvzd,building_centroid
VEN-3614,"Sahara Las Vegas","2535 LAS VEGAS BLVD S","Las Vegas",Nevada,89109,36.142925,-115.157671,1,range_interpolation,"2535 Las Vegas Blvd S",,"Las Vegas, NV 89109",2535,"Las Vegas Blvd S",,,"Las Vegas",NV,"Clark County",89109,US,"TIGER/Line® from the US Census Bureau",gcod_usntu9rybrtuk4cfqdylb277973m4,
VEN-3620,"Sharkeys Casino","1440 US HIGHWAY 395 N",Gardnerville,Nevada,89410,38.941353,-119.749533,1,rooftop,"1440 US-395 N",,"Gardnerville, NV 89410",1440,"US-395 N",,,Gardnerville,NV,"Douglas County",89410,US,Douglas,gcod_usn363yujyalhbvbsk2ylwx7ra26a,building_centroid
VEN-3621,"Sierra Sid's 76","200 N MCCARRAN BLVD",Sparks,Nevada,89431,39.535038,-119.736105,1,rooftop,"200 N McCarran Blvd",,"Sparks, NV 89431",200,"N McCarran Blvd",,,Sparks,NV,"Washoe County",89431,US,Washoe,gcod_usnjk9z5g7b27ln4vqevdafhakfz7,building_centroid
VEN-3631,"Stagestop Casino","100 W STAGECOACH RD",Pahrump,Nevada,89060,36.238963,-116.016277,1,rooftop,"100 W Stagecoach Rd",,"Pahrump, NV 89060",100,"W Stagecoach Rd",,,Pahrump,NV,"Nye County",89060,US,Nye,gcod_usnc67lzry8xmj94afdknrtqnufu5,building_centroid
VEN-3633,"Stateline Casino","490 W MESQUITE BLVD",Mesquite,Nevada,89027,36.803811,-114.078465,1,range_interpolation,"490 W Mesquite Blvd",,"Mesquite, NV 89027",490,"W Mesquite Blvd",,,Mesquite,NV,"Clark County",89027,US,"TIGER/Line® from the US Census Bureau",gcod_usns4a2xf9f3ey93uun38udnu9n3b,
VEN-3636,"Stockman's Casino","1560 W WILLIAMS AVE",Fallon,Nevada,89406,39.486638,-118.776289,0.7,street_center,"W Williams Ave",,"Fallon, NV 89406",,"W Williams Ave",,,Fallon,NV,"Churchill County",89406,US,"OpenStreetMap Contributors",gcod_usspfvltpkjx88a8,
VEN-3637,"Tamarack Junction","13101 S VIRGINIA ST",Reno,Nevada,89511,39.414896,-119.755374,1,rooftop,"13101 S Virginia St",,"Reno, NV 89511",13101,"S Virginia St",,,Reno,NV,"Washoe County",89511,US,Washoe,gcod_usn38w8kfherwan3k6zu2gky6wxc9,building_centroid
VEN-3638,"Terrible's Casino Searchlight","670 S US HWY 95 S",Searchlight,Nevada,89046,35.46103,-114.918449,1,rooftop,"670 S US-95 S",,"Searchlight, NV 89046",670,"S US-95 S",,,Searchlight,NV,"Clark County",89046,US,Clark,gcod_usnh6hh5xrqqrw74km4nd5xrwdxvh,building_centroid
VEN-3657,"Tonopah Station","1137 ERIE ST",Tonopah,Nevada,89049,38.061095,-117.21969,0.7,street_center,"Erie St",,"Tonopah, NV 89049",,"Erie St",,,Tonopah,NV,"Nye County",89049,US,"OpenStreetMap Contributors",gcod_usscjpbts7f534b4,
VEN-3853,"Aquarius Casino Resort","1900 S CASINO DR",Laughlin,Nevada,89029,35.163474,-114.572146,1,rooftop,"1900 S Casino Dr",,"Laughlin, NV 89029",1900,"S Casino Dr",,,Laughlin,NV,"Clark County",89029,US,"Las Vegas",gcod_usnv4zygqcc7kwncfvn9msppr7u75,building_centroid
VEN-3854,"William Hill Race & Sports Book","2000 LAS VEGAS BLVD S","Las Vegas",Nevada,89104,36.148276,-115.154314,1,range_interpolation,"2000 Las Vegas Blvd S",,"Las Vegas, NV 89104",2000,"Las Vegas Blvd S",,,"Las Vegas",NV,"Clark County",89104,US,"TIGER/Line® from the US Census Bureau",gcod_usn54nhx5lgx4rj9tuqg2jwk8b5m5,
VEN-3855,"Caesars Sportsbook","855 W WILLIAMS AVE",Fallon,Nevada,89406,39.474644,-118.786746,1,range_interpolation,"855 W Williams Ave",,"Fallon, NV 89406",855,"W Williams Ave",,,Fallon,NV,"Churchill County",89406,US,"TIGER/Line® from the US Census Bureau",gcod_usnpfvltpkjx88a89h6n4ganvk386,
VEN-3856,"Barley's Casino & Brewing Company","4500 E SUNSET RD STE 30",Henderson,Nevada,89014,36.07243,-115.075307,1,rooftop,"4500 E Sunset Rd","Ste 30","Henderson, NV 89014",4500,"E Sunset Rd",Ste,30,Henderson,NV,"Clark County",89014,US,Clark,gcod_usnhvjsg449fm5j3xh2jqdcma4bhc-6sdrl784m74l8,unit
VEN-3857,"Caesars Sportsbook By Willliam Hill","900 E HWY 95 N",Beatty,Nevada,89003,36.914425,-116.752824,1,rooftop,"900 E US-95 N",,"Beatty, NV 89003",900,"E US-95 N",,,Beatty,NV,"Nye County",89003,US,Nye,gcod_usnuctprnhdg274c46s6b3ukewv49,building_centroid
VEN-3858,"Red Rock Casino Resort Spa","100 E PIONEER BLVD",Mesquite,Nevada,89027,36.815161,-114.066278,1,rooftop,"100 E Pioneer Blvd",,"Mesquite, NV 89027",100,"E Pioneer Blvd",,,Mesquite,NV,"Clark County",89027,US,"Las Vegas",gcod_usn29alclttl48k3elm5qr4yz5krg,building_centroid
VEN-3859,"Circa Resort & Casino","8 FREMONT ST","Las Vegas",Nevada,89101,36.172023,-115.145399,1,rooftop,"8 Fremont St",,"Las Vegas, NV 89101",8,"Fremont St",,,"Las Vegas",NV,"Clark County",89101,US,"Las Vegas",gcod_usnp72qj7ap4ubufgbk49s6jn5pjc,parcel_centroid
VEN-3860,"Dotty's #12","4213 BOULDER HWY","Las Vegas",Nevada,89121,36.129861,-115.082261,1,rooftop,"4213 Boulder Hwy",,"Las Vegas, NV 89121",4213,"Boulder Hwy",,,"Las Vegas",NV,"Clark County",89121,US,"Las Vegas",gcod_usnrrp4xxd95cytes3sl3nz7d56dd,building_centroid
VEN-3861,"Dotty's #79","1511 N NELLIS BLVD","Las Vegas",Nevada,89110,36.187134,-115.062829,1,rooftop,"1511 N Nellis Blvd",,"Las Vegas, NV 89110",1511,"N Nellis Blvd",,,"Las Vegas",NV,"Clark County",89110,US,Clark,gcod_usnqpmv6hvt345qfc8dadzwzvr6g3,parcel_centroid
VEN-3862,"Dotty's #55","2823 N GREEN VALLEY PKWY STE D",Henderson,Nevada,89014,36.07247,-115.084038,1,rooftop,"2823 N Green Valley Pkwy","Ste D","Henderson, NV 89014",2823,"N Green Valley Pkwy",Ste,D,Henderson,NV,"Clark County",89014,US,Henderson,gcod_usnzvffffq9zzbycbyr54h6pkvzh2-fhax6xqtnqdhc,building_centroid
VEN-3863,"Dotty's #113","2428 E CHEYENNE AVE","N Las Vegas",Nevada,89030,36.218212,-115.117463,1,rooftop,"2428 E Cheyenne Ave",N,"North Las Vegas, NV 89030",2428,"E Cheyenne Ave",,N,"North Las Vegas",NV,"Clark County",89030,US,Clark,gcod_usnmgsyse4mu7z39assezrwqsas7d-jzevwyzhmq2zh,parcel_centroid
VEN-3864,"Dotty's #108","3345 E SAHARA AVE","Las Vegas",Nevada,89104,36.144881,-115.10206,1,rooftop,"3345 E Sahara Ave",,"Las Vegas, NV 89104",3345,"E Sahara Ave",,,"Las Vegas",NV,"Clark County",89104,US,Clark,gcod_usnmpudda2xyzrfaqdlyd4ahuh88d,building_centroid
VEN-3865,"Points Casino #211/Dotty's","5021 E CRAIG RD","Las Vegas",Nevada,89115,36.240071,-115.063408,1,rooftop,"5021 E Craig Rd",,"Las Vegas, NV 89115",5021,"E Craig Rd",,,"Las Vegas",NV,"Clark County",89115,US,Clark,gcod_usna5pr236cexzvb6eqf5jex4pka6,parcel_centroid
VEN-3866,"Eureka Casino","595 E SAHARA AVE","Las Vegas",Nevada,89104,36.143521,-115.146946,1,rooftop,"595 E Sahara Ave",,"Las Vegas, NV 89104",595,"E Sahara Ave",,,"Las Vegas",NV,"Clark County",89104,US,Clark,gcod_usnmpudda2xyzrfa2qr95k9mtwqa8,building_centroid
VEN-3867,"Excalibur Hotel and Casino","3850 LAS VEGAS BLVD S","Las Vegas",Nevada,89109,36.101513,-115.173101,1,range_interpolation,"3850 Las Vegas Blvd S",,"Las Vegas, NV 89109",3850,"Las Vegas Blvd S",,,"Las Vegas",NV,"Clark County",89109,US,"TIGER/Line® from the US Census Bureau",gcod_usntu9rybrtuk4cfwqengg3q5lde3,
VEN-3868,"Four Queens Hotel & Casino","202 FREMONT ST","Las Vegas",Nevada,89101,36.170208,-115.143713,1,rooftop,"202 Fremont St",,"Las Vegas, NV 89101",202,"Fremont St",,,"Las Vegas",NV,"Clark County",89101,US,Clark,gcod_usnp72qj7ap4ubufbusuen95uhp27,parcel_centroid
VEN-3869,"Gold Dust West","444 VINE ST",Reno,Nevada,89503,39.528914,-119.824987,1,rooftop,"444 Vine St",,"Reno, NV 89503",444,"Vine St",,,Reno,NV,"Washoe County",89503,US,Washoe,gcod_usn3gzy5lwy5s8e8pn9kf3l9f9m7c,building_centroid
VEN-3870,"GOLD RANCH CASINO DAYTON","755 US HIGHWAY 50 E",Dayton,Nevada,89403,39.243665,-119.589231,1,rooftop,"755 Hwy 50 E",,"Dayton, NV 89403",755,"Hwy 50 E",,,Dayton,NV,"Lyon County",89403,US,Douglas,gcod_usnplgvdc47f7kd35s6jrdkce2274,building_centroid
VEN-3871,"Gold Spike Hotel and Casino","217 LAS VEGAS BLVD N","Las Vegas",Nevada,89101,36.170697,-115.13988,1,range_interpolation,"217 Las Vegas Blvd N",,"Las Vegas, NV 89101",217,"Las Vegas Blvd N",,,"Las Vegas",NV,"Clark County",89101,US,"TIGER/Line® from the US Census Bureau",gcod_usn6ehhzmcdj56k63gjvds66w7c92,
VEN-3872,"Grand Lodge Casino","111 COUNTRY CLUB DR","Incline Vlg",Nevada,89451,39.24017,-119.943136,1,rooftop,"111 Country Club Dr",,"Incline Village, NV 89451",111,"Country Club Dr",,,"Incline Village",NV,"Washoe County",89451,US,Washoe,gcod_usnr6du4de2x4k2f7ajqad4r73an3,building_centroid
VEN-3873,"HARD ROCK LAS VEGAS HOTEL & CASINO","3400 LAS VEGAS BLVD S","Las Vegas",Nevada,89109,36.123326,-115.170746,1,range_interpolation,"3400 Las Vegas Blvd S",,"Las Vegas, NV 89109",3400,"Las Vegas Blvd S",,,"Las Vegas",NV,"Clark County",89109,US,"TIGER/Line® from the US Census Bureau",gcod_usntu9rybrtuk4cfvfdxuftkjnu78,
VEN-3874,"Hotel Nevada & Gambling Hall","501 AULTMAN ST",Ely,Nevada,89301,39.247863,-114.892456,1,rooftop,"501 Aultman St",,"Ely, NV 89301",501,"Aultman St",,,Ely,NV,"White Pine County",89301,US,"White Pine",gcod_usnr4urtjz5ulsp3ax8gc2hnq37zd,parcel_centroid
VEN-3875,"Luxor Hotel and Casino","3900 LAS VEGAS BLVD S","Las Vegas",Nevada,89119,36.097357,-115.172922,1,range_interpolation,"3900 Las Vegas Blvd S",,"Las Vegas, NV 89119",3900,"Las Vegas Blvd S",,,"Las Vegas",NV,"Clark County",89119,US,"TIGER/Line® from the US Census Bureau",gcod_usnff3xr86jx4dw6dy68sbuztjmbb,
VEN-3876,"Main Street Station Hotel, Casino and Brewery","200 N MAIN ST","Las Vegas",Nevada,89101,36.17509,-115.145039,1,rooftop,"200 N Main St",,"Las Vegas, NV 89101",200,"N Main St",,,"Las Vegas",NV,"Clark County",89101,US,"Las Vegas",gcod_usnwenfwdxsey792sasauv5tuzlt5,building_centroid
VEN-3877,"Mandalay Bay Resort & Casino","3950 LAS VEGAS BLVD S","Las Vegas",Nevada,89119,36.093461,-115.173034,1,range_interpolation,"3950 Las Vegas Blvd S",,"Las Vegas, NV 89119",3950,"Las Vegas Blvd S",,,"Las Vegas",NV,"Clark County",89119,US,"TIGER/Line® from the US Census Bureau",gcod_usnff3xr86jx4dw6wwn2uh5hu2rmb,
VEN-3878,"Mint Casino, The","219 UNIVERSITY WAY",Reno,Nevada,89501,39.527659,-119.812364,1,rooftop,"219 University Way",,"Reno, NV 89501",219,"University Way",,,Reno,NV,"Washoe County",89501,US,Washoe,gcod_usnw3fw6kyp2hgl8acfztalmwgnl2,building_centroid
VEN-3879,"Oasis Springs Casino","4901 RENO HWY",Fallon,Nevada,89406,39.4854,-118.854951,1,range_interpolation,"4901 Reno Hwy",,"Fallon, NV 89406",4901,"Reno Hwy",,,Fallon,NV,"Churchill County",89406,US,"TIGER/Line® from the US Census Bureau",gcod_usnwqr5r4qhxpw8e2wmnvsjuen6fe,
VEN-3880,"Primm Valley Resort & Casino","31900 LAS VEGAS BLVD S",Primm,Nevada,89019,35.611717,-115.387455,1,rooftop,"31900 S Las Vegas Blvd",,"Jean, NV 89019",31900,"S Las Vegas Blvd",,,Jean,NV,"Clark County",89019,US,"Las Vegas",gcod_usnj9r7mw9tm3yh9rglnk7czjdjf7,building_centroid
VEN-3881,"Silver Nugget Casino","2140 N LAS VEGAS BLVD","N Las Vegas",Nevada,89030,36.198634,-115.123852,1,rooftop,"2140 N Las Vegas Blvd",,"North Las Vegas, NV 89030",2140,"N Las Vegas Blvd",,,"North Las Vegas",NV,"Clark County",89030,US,"Las Vegas",gcod_usn9x5ze3857pqn3pyfl7ulcns686,building_centroid
VEN-3882,"Silverton Casino Lodge Las Vegas","3333 BLUE DIAMOND RD","Las Vegas",Nevada,89139,36.04175,-115.188573,0.71,nearest_rooftop_match,"3520 Blue Diamond Rd",,"Las Vegas, NV 89139",3520,"Blue Diamond Rd",,,"Las Vegas",NV,"Clark County",89139,US,"Las Vegas",gcod_usncl58e63hy2vsg3r7zle8ndyb99,building_centroid
VEN-3883,"Topaz Lodge and Casino","1979 US HIGHWAY 395 S",Gardnerville,Nevada,89410,38.695163,-119.548379,1,rooftop,"1979 US-395 S",,"Gardnerville, NV 89410",1979,"US-395 S",,,Gardnerville,NV,"Douglas County",89410,US,Douglas,gcod_usn8szvxgb2k4rx8b2dvufkvmk865,building_centroid
VEN-3884,"Whiskey Pete's Hotel & Casino","100 W PRIMM BLVD",Primm,Nevada,89019,35.610175,-115.392111,1,rooftop,"100 W Primm Blvd",,"Jean, NV 89019",100,"W Primm Blvd",,,Jean,NV,"Clark County",89019,US,Clark,gcod_usnr776anf9au46b4q2mvh4d4u7c3,building_centroid
VEN-3885,"Wildfire Valley View","3045 S VALLEY VIEW BLVD","Las Vegas",Nevada,89102,36.134901,-115.191114,1,rooftop,"3045 S Valley View Blvd",,"Las Vegas, NV 89102",3045,"S Valley View Blvd",,,"Las Vegas",NV,"Clark County",89102,US,Clark,gcod_usnspfpkcus78qdfjh2rknyctb27a,parcel_centroid
VEN-3886,"Wildfire Casino Lake Mead","846 E LAKE MEAD PKWY",Henderson,Nevada,89015,36.052865,-114.968029,1,rooftop,"846 E Lake Mead Pkwy",,"Henderson, NV 89015",846,"E Lake Mead Pkwy",,,Henderson,NV,"Clark County",89015,US,Clark,gcod_usn4kufwm4lw4cjbm9m7jal8cve9f,building_centroid
VEN-3887,"SlotWorld's Cabaret","324 E WINNIE LN","Carson City",Nevada,89706,39.179637,-119.763894,1,rooftop,"324 E Winnie Ln",,"Carson City, NV 89706",324,"E Winnie Ln",,,"Carson City",NV,"Carson City",89706,US,"Carson City",gcod_usnpgrk56muyv3h2pkd57ndyg6334,building_centroid
VEN-3888,"Verdi Grillhouse & Casino","8030 BOOMTOWN GARSON RD",Verdi,Nevada,89439,39.514306,-119.965993,1,rooftop,"8030 Boomtown Garson Rd",,"Verdi, NV 89439",8030,"Boomtown Garson Rd",,,Verdi,NV,"Washoe County",89439,US,Washoe,gcod_usnt83cle4qan529da6u73djbtg74,building_centroid
VEN-3889,"Boomer's Sports Book","3227 CIVIC CENTER DR","N Las Vegas",Nevada,89030,36.218592,-115.121708,1,rooftop,"3227 Civic Center Dr",N,"North Las Vegas, NV 89030",3227,"Civic Center Dr",,N,"North Las Vegas",NV,"Clark County",89030,US,"Las Vegas",gcod_usnm5ydsfx8l4s8gfhvr9hzp85js3-ywgvz9c249qce,parcel_centroid
VEN-3890,"Tahoe Nugget","177 HIGHWAY 50",Stateline,Nevada,89449,38.968663,-119.935851,1,range_interpolation,"177 US-50",,"Zephyr Cove, NV 89448",177,US-50,,,"Zephyr Cove",NV,"Douglas County",89448,US,"TIGER/Line® from the US Census Bureau",gcod_usn3ljz98gdc5athxztm9qmjlz7ld,
VEN-3891,"Legends Bay Casino","100 LEGENDS BAY DR",Sparks,Nevada,89434,39.532393,-119.722235,1,rooftop,"100 Legends Bay Dr",,"Sparks, NV 89434",100,"Legends Bay Dr",,,Sparks,NV,"Washoe County",89434,US,Washoe,gcod_usns9438fzcur5z7b4n9u6aex2gke,building_centroid
VEN-3892,"Circus Circus Hotel and Casino","2880 LAS VEGAS BLVD S","Las Vegas",Nevada,89109,36.135358,-115.162982,1,range_interpolation,"2880 Las Vegas Blvd S",,"Las Vegas, NV 89109",2880,"Las Vegas Blvd S",,,"Las Vegas",NV,"Clark County",89109,US,"TIGER/Line® from the US Census Bureau",gcod_usntu9rybrtuk4cffn3w7axqlugwc,
VEN-3893,"Cromwell, The","3595 LAS VEGAS BLVD S","Las Vegas",Nevada,89109,36.114955,-115.172696,1,range_interpolation,"3595 Las Vegas Blvd S",,"Las Vegas, NV 89109",3595,"Las Vegas Blvd S",,,"Las Vegas",NV,"Clark County",89109,US,"TIGER/Line® from the US Census Bureau",gcod_usntu9rybrtuk4cfmu57uj8hkh9e4,
VEN-3894,"Jerry's Nugget","1821 N LAS VEGAS BLVD","N Las Vegas",Nevada,89030,36.193053,-115.132533,1,rooftop,"1821 N Las Vegas Blvd",,"North Las Vegas, NV 89030",1821,"N Las Vegas Blvd",,,"North Las Vegas",NV,"Clark County",89030,US,"Las Vegas",gcod_usn9x5ze3857pqn3tgvwegr5fsfy9,building_centroid
VEN-3895,"Alamo Casino At Wells Petro","1440 6TH ST",Wells,Nevada,89835,41.101099,-114.954326,1,range_interpolation,"1440 6th St",,"Wells, NV 89835",1440,"6th St",,,Wells,NV,"Elko County",89835,US,"TIGER/Line® from the US Census Bureau",gcod_usncn28rfntw4fna3q2m6zdrclfsd,
VEN-3896,"Emerald Island Casino","120 MARKET ST",Henderson,Nevada,89015,36.032609,-114.984748,1,rooftop,"120 Market St",,"Henderson, NV 89015",120,"Market St",,,Henderson,NV,"Clark County",89015,US,Henderson,gcod_usna7djqtve7wua9tc3gx2antu8gc,building_centroid
VEN-3897,"Jackpot Crossing","206 LOGAN LN",Fernley,Nevada,89408,39.613908,-119.264201,1,rooftop,"206 Logan Ln",,"Fernley, NV 89408",206,"Logan Ln",,,Fernley,NV,"Lyon County",89408,US,Washoe,gcod_usn6vuyfklcnhng37vzflvkvzf8ed,building_centroid
VEN-3898,"Fernley Nugget","1190 E MAIN ST",Fernley,Nevada,89408,39.604881,-119.231128,1,rooftop,"1190 E Main St",,"Fernley, NV 89408",1190,"E Main St",,,Fernley,NV,"Lyon County",89408,US,Lyon,gcod_usn47qb3u8c4tc3h4ax4p3fnycbpa,
VEN-3899,"Orcutt Boys Enterprises","1901 SILVERADA BLVD",Reno,Nevada,89512,39.546912,-119.784492,1,rooftop,"1901 Silverada Blvd",,"Reno, NV 89512",1901,"Silverada Blvd",,,Reno,NV,"Washoe County",89512,US,Washoe,gcod_usn48qv7j8tw8yd44z56pgzwlh4l6,building_centroid
VEN-3900,"Gold Town Casino","771 S FRONTAGE RD",Pahrump,Nevada,89048,36.231057,-115.99756,1,rooftop,"771 S Frontage Rd",,"Pahrump, NV 89048",771,"S Frontage Rd",,,Pahrump,NV,"Nye County",89048,US,Nye,gcod_usny4kl9qzxmk65hln7pd96jeqqvh,building_centroid
VEN-3901,"Lucky Club","45 N MAIN ST",Yerington,Nevada,89447,38.988466,-119.163386,1,rooftop,"45 N Main St",,"Yerington, NV 89447",45,"N Main St",,,Yerington,NV,"Lyon County",89447,US,Douglas,gcod_usnqqyqm5fe4u3hh382vkkfwy2cuh,building_centroid
VEN-3902,"Pioneer Crossing Dayton","4 PINE CONE RD",Dayton,Nevada,89403,39.2625,-119.582465,1,rooftop,"4 Pine Cone Rd",,"Dayton, NV 89403",4,"Pine Cone Rd",,,Dayton,NV,"Lyon County",89403,US,Douglas,gcod_usn325lbu55lxadcw97dscvqrvsw5,building_centroid
VEN-3903,"Comstock Casino","1975 S TAYLOR ST",Fallon,Nevada,89406,39.461289,-118.781779,1,range_interpolation,"1975 S Taylor St",,"Fallon, NV 89406",1975,"S Taylor St",,,Fallon,NV,"Churchill County",89406,US,"TIGER/Line® from the US Census Bureau",gcod_usnl9bj2y2mgndyf7ey998utwcdh6,
VEN-3904,Bordertown,"19575 US HIGHWAY 395 N",Reno,Nevada,89508,39.670835,-120.000183,1,rooftop,"19575 US-395 N",,"Reno, NV 89508",19575,"US-395 N",,,Reno,NV,"Washoe County",89508,US,Washoe,gcod_usne7rdx8u6wnck2pn6f9vtrkrj4a,building_centroid
VEN-3905,"Silverado Casino","1380 NEWLANDS DR W",Fernley,Nevada,89408,39.610399,-119.220137,1,rooftop,"1380 W Newlands Dr",,"Fernley, NV 89408",1380,"W Newlands Dr",,,Fernley,NV,"Lyon County",89408,US,Lyon,gcod_usnkemxgauhecqsfqhlebdrc3ucbg,
VEN-3906,"Stockmen's Motor Hotel","340 COMMERCIAL ST",Elko,Nevada,89801,40.830407,-115.763211,1,range_interpolation,"340 Commercial St",,"Elko, NV 89801",340,"Commercial St",,,Elko,NV,"Elko County",89801,US,"TIGER/Line® from the US Census Bureau",gcod_usnw6q4ybng37wu6hckpf4tfxyxd5,
VEN-3907,"Scoreboard Lounge","259 SPRING VALLEY PKWY","Spring Creek",Nevada,89815,40.786356,-115.6766,1,rooftop,"259 Spring Valley Pkwy",,"Spring Creek, NV 89815",259,"Spring Valley Pkwy",,,"Spring Creek",NV,"Elko County",89815,US,Elko,gcod_usnmhz84eteddkk6ds4vdyss9vms2,building_centroid
VEN-3908,"Longhorn Casino","5288 BOULDER HWY","Las Vegas",Nevada,89122,36.106958,-115.05903,1,rooftop,"5288 Boulder Hwy",,"Las Vegas, NV 89122",5288,"Boulder Hwy",,,"Las Vegas",NV,"Clark County",89122,US,Clark,gcod_usn9qg4rr5zaern4c39us9dydp3rf,building_centroid
VEN-3909,"Pt's Place","1281 S DECATUR BLVD","Las Vegas",Nevada,89102,36.15421,-115.207844,1,range_interpolation,"1281 S Decatur Blvd",,"Las Vegas, NV 89102",1281,"S Decatur Blvd",,,"Las Vegas",NV,"Clark County",89102,US,"TIGER/Line® from the US Census Bureau",gcod_usnuu56wazlev78ev22c7lalb77p2,
VEN-3910,"Jackpot Joanie's Casino","6390 W SAHARA AVE","Las Vegas",Nevada,89146,36.143851,-115.229763,1,range_interpolation,"6390 W Sahara Ave",,"Las Vegas, NV 89146",6390,"W Sahara Ave",,,"Las Vegas",NV,"Clark County",89146,US,"TIGER/Line® from the US Census Bureau",gcod_usn3r8x8x7l5jrdh3mdh3htpvvvs2,
VEN-3911,"Jackpot Joanies","1875 S DECATUR BLVD","Las Vegas",Nevada,89102,36.151038,-115.208792,1,rooftop,"1875 S Decatur Blvd",,"Las Vegas, NV 89102",1875,"S Decatur Blvd",,,"Las Vegas",NV,"Clark County",89102,US,Clark,gcod_usnuu56wazlev78efmduzd5mz7bua,parcel_centroid
VEN-3912,"Ecl Gaming","820 EAST ST",Pahrump,Nevada,89048,36.208003,-115.991971,1,rooftop,"820 East St",,"Pahrump, NV 89048",820,"East St",,,Pahrump,NV,"Nye County",89048,US,Nye,gcod_usnl3kvb5ey95rubqjr9p35ekf7z6,building_centroid
VEN-3913,"Cactus Petes Resort Casino","1385 HWY 93",Jackpot,Nevada,89825,41.985468,-114.671059,1,rooftop,"1385 US-93 Hwy",,"Jackpot, NV 89825",1385,"US-93 Hwy",,,Jackpot,NV,"Elko County",89825,US,Elko,gcod_usnq88tay4cuy2x98m7ytlwn9llhc,building_centroid
VEN-3914,"M1 Gaming","18 S C ST","Virginia City",Nevada,89440,39.310593,-119.649798,1,rooftop,"18 S C St",,"Virginia City, NV 89440",18,"S C St",,,"Virginia City",NV,"Storey County",89440,US,Storey,gcod_usn6v2fa855e72m7grn26lg7ufjn2,building_centroid
VEN-3915,"Mad Matty's Bar & Grille","8100 W SAHARA AVE","Las Vegas",Nevada,89117,36.144472,-115.268085,1,rooftop,"8100 W Sahara Ave",,"Las Vegas, NV 89117",8100,"W Sahara Ave",,,"Las Vegas",NV,"Clark County",89117,US,Clark,gcod_usnhrk2nzf2pav99l9jx89mukxj4e,parcel_centroid
VEN-3916,"Ramada Inn & Copper Queen Casino","701 AVENUE I",Ely,Nevada,89301,39.251464,-114.872795,1,rooftop,"701 Ave I",,"Ely, NV 89301",701,"Ave I",,,Ely,NV,"White Pine County",89301,US,"White Pine",gcod_usn8lbx7sy552lde85pxa8scu6q4f,parcel_centroid
VEN-3917,"Nevada Trading Company","3900 CARTER WAY",Wellington,Nevada,89444,38.731708,-119.506279,1,rooftop,"3900 Carter Dr",,"Wellington, NV 89444",3900,"Carter Dr",,,Wellington,NV,"Douglas County",89444,US,Douglas,gcod_usnjwzynkzk6dal9eqxupgjr9sk39,building_centroid
VEN-3918,"Terrible's Road House","1750 PAHRUMP VALLEY BLVD",Pahrump,Nevada,89048,36.194364,-115.988758,1,range_interpolation,"1750 Pahrump Valley Blvd",,"Pahrump, NV 89048",1750,"Pahrump Valley Blvd",,,Pahrump,NV,"Nye County",89048,US,"TIGER/Line® from the US Census Bureau",gcod_usn5tg7gyz3mnqy98a9gj4kdjy4x9,
VEN-3919,"Broadway Colt Inn Casino","654 W FRONT ST","Battle Mtn",Nevada,89820,40.647921,-116.941723,1,range_interpolation,"654 W Front St",,"Battle Mountain, NV 89820",654,"W Front St",,,"Battle Mountain",NV,"Lander County",89820,US,"TIGER/Line® from the US Census Bureau",gcod_usn3tzyx48cv3dq5rn89qjtu35hm5,
VEN-3920,"Headquarters Bar & Casino","134 S MAINE ST",Fallon,Nevada,89406,39.474234,-118.776881,1,range_interpolation,"134 S Maine St",,"Fallon, NV 89406",134,"S Maine St",,,Fallon,NV,"Churchill County",89406,US,"TIGER/Line® from the US Census Bureau",gcod_usnv6hwqrazva87f3mylp9vzp7uvf,
VEN-3921,"Saddle West Hotel, Casino and Rv Resort","1220 S HWY 160",Pahrump,Nevada,89048,36.201782,-115.976525,1,rooftop,"1220 S Nevada Highway 160",,"Pahrump, NV 89048",1220,"S Nevada Highway 160",,,Pahrump,NV,"Nye County",89048,US,Nye,gcod_usnwlaes8muzmhr9n5r233ftsy7h3,building_centroid
VEN-3922,"Terrible's Road House Searchlight","100 N US HWY 95 S",Searchlight,Nevada,89046,35.46598,-114.919799,1,rooftop,"100 N US-95 S",,"Searchlight, NV 89046",100,"N US-95 S",,,Searchlight,NV,"Clark County",89046,US,Clark,gcod_usn2sfjrhq9wahuc4cf8yedwzusf3,building_centroid
VEN-3923,"Nevada, The","36 E FRONT ST","Battle Mtn",Nevada,89820,40.643375,-116.935922,1,range_interpolation,"36 Front St",,"Battle Mountain, NV 89820",36,"Front St",,,"Battle Mountain",NV,"Lander County",89820,US,"TIGER/Line® from the US Census Bureau",gcod_usnpzlhn32rpkvwh6484tmqbumty7,
VEN-3924,"Michael J. Gaughan Airport Slot Concession","5757 WAYNE NEWTON BLVD","Las Vegas",Nevada,89111,36.088823,-115.128451,0.99,rooftop,"5757 Wayne Newton Blvd",,"Las Vegas, NV 89119",5757,"Wayne Newton Blvd",,,"Las Vegas",NV,"Clark County",89119,US,"Las Vegas",gcod_usnaypcedeuc98cdu5aynu6ru934b,building_centroid
VEN-3925,"Greens Cafe, The","2241 N GREEN VALLEY PKWY",Henderson,Nevada,89014,36.05391,-115.083377,1,rooftop,"2241 N Green Valley Pkwy",,"Henderson, NV 89014",2241,"N Green Valley Pkwy",,,Henderson,NV,"Clark County",89014,US,"Las Vegas",gcod_usnzvffffq9zzbycunr7x3q462bv6,building_centroid
VEN-3926,"Draft House Barn & Casino","4543 N RANCHO DR","Las Vegas",Nevada,89130,36.242471,-115.235938,1,rooftop,"4543 N Rancho Dr",,"Las Vegas, NV 89130",4543,"N Rancho Dr",,,"Las Vegas",NV,"Clark County",89130,US,Clark,gcod_usnaad7ra3w7v237jmuraeatljleh,building_centroid
VEN-3927,"Red Dragon Sports Bar #201","404 S 5TH ST",Elko,Nevada,89801,40.828096,-115.757092,1,rooftop,"404 S 5th St",,"Elko, NV 89801",404,"S 5th St",,,Elko,NV,"Elko County",89801,US,Elko,gcod_usnr44wstq9pndr7lrt87yrynqsp4,building_centroid
VEN-3928,"Village Pub & Casino-Summerlin","2610 REGATTA DR","Las Vegas",Nevada,89128,36.206737,-115.268401,1,rooftop,"2610 Regatta Dr",,"Las Vegas, NV 89128",2610,"Regatta Dr",,,"Las Vegas",NV,"Clark County",89128,US,Clark,gcod_usnqr3wtzn38hqf4dlyvacd85g8d3,parcel_centroid
VEN-3929,"Village Pub and Casino - Green Valley","4563 E SUNSET RD",Henderson,Nevada,89014,36.070605,-115.074345,1,rooftop,"4563 E Sunset Rd",,"Henderson, NV 89014",4563,"E Sunset Rd",,,Henderson,NV,"Clark County",89014,US,Clark,gcod_usnhvjsg449fm5j3wvy43ld25srgd,building_centroid
VEN-3930,IGT,"2001 E PLUMB LN",Reno,Nevada,89502,39.505933,-119.77566,1,rooftop,"2001 E Plumb Ln",,"Reno, NV 89502",2001,"E Plumb Ln",,,Reno,NV,"Washoe County",89502,US,Washoe,gcod_usnvjqmu5jbmwqp4rycbrum43j22b,building_centroid
VEN-3931,"Strategic Gaming Management","725 HILLTOP RD","Battle Mountain",Nevada,89820,40.571055,-116.879599,0.7,street_center,"Hilltop Rd",,"Battle Mountain, NV 89820",,"Hilltop Rd",,,"Battle Mountain",NV,"Lander County",89820,US,"TIGER/Line® dataset from the US Census Bureau",gcod_usslnazw3s45hb8g,
VEN-3932,"Carson Plains Casino","6996 US HIGHWAY 50 E",Dayton,Nevada,89403,39.308251,-119.5081,1,rooftop,"6996 Hwy 50 E",,"Dayton, NV 89403",6996,"Hwy 50 E",,,Dayton,NV,"Lyon County",89403,US,Douglas,gcod_usnplgvdc47f7kd3r87q5r6l336z6,building_centroid
VEN-3933,"Off The Rails Casino","150 MAIN ST",Lovelock,Nevada,89419,40.179623,-118.472589,1,rooftop,"150 Main St",,"Lovelock, NV 89419",150,"Main St",,,Lovelock,NV,"Pershing County",89419,US,Pershing,gcod_usn872htg3satx3gkc79yqaqx77e6,building_centroid
VEN-3934,"Jailhouse Motel and Casino","211 5TH ST",Ely,Nevada,89301,39.248691,-114.892529,1,rooftop,"211 5th St",,"Ely, NV 89301",211,"5th St",,,Ely,NV,"White Pine County",89301,US,"White Pine",gcod_usnpku3g8f8ynhegamhrq8twgfa45,parcel_centroid
VEN-3935,"Rainbow Club Casino","122 S WATER ST",Henderson,Nevada,89015,36.032702,-114.983695,1,rooftop,"122 S Water St",,"Henderson, NV 89015",122,"S Water St",,,Henderson,NV,"Clark County",89015,US,Henderson,gcod_usn96jqxkkjlncn2fzyvqnkz7xrbh,building_centroid
VEN-3936,"Mark Twain Saloon/Casino","62 S C ST","Virginia City",Nevada,89440,39.310006,-119.650018,1,rooftop,"62 S C St",,"Virginia City, NV 89440",62,"S C St",,,"Virginia City",NV,"Storey County",89440,US,Storey,gcod_usn6v2fa855e72m7h5prpgw4vtkde,building_centroid
VEN-3937,"Charlie's Lakeside Casino","8603 W SAHARA AVE","Las Vegas",Nevada,89117,36.143964,-115.279041,1,range_interpolation,"8603 W Sahara Ave",,"Las Vegas, NV 89117",8603,"W Sahara Ave",,,"Las Vegas",NV,"Clark County",89117,US,"TIGER/Line® from the US Census Bureau",gcod_usnhrk2nzf2pav99u9slsnqwv7d2g,
VEN-3938,"Fallon Speedway Market","1000 W WILLIAMS AVE",Fallon,Nevada,89406,39.486638,-118.776289,0.7,street_center,"W Williams Ave",,"Fallon, NV 89406",,"W Williams Ave",,,Fallon,NV,"Churchill County",89406,US,"OpenStreetMap Contributors",gcod_usspfvltpkjx88a8,
VEN-3939,"Alamo Casino - Mill City","6000 E FRONTAGE RD",Imlay,Nevada,89418,40.693225,-118.056017,1,rooftop,"6000 E Frontage Rd",,"Imlay, NV 89418",6000,"E Frontage Rd",,,Imlay,NV,"Pershing County",89418,US,Pershing,gcod_usnkv7wsyndndqfadm8k49txh4dl8,building_centroid
VEN-3940,"Bucket of Blood Saloon, The","3 S C ST","Virginia City",Nevada,89440,39.308912,-119.642412,0.93,range_interpolation,"3 Q St",,"Virginia City, NV 89440",3,"Q St",,,"Virginia City",NV,"Storey County",89440,US,"TIGER/Line® from the US Census Bureau",gcod_usnyxrdsbfhryac5cevkerpqnnsb7,
VEN-3941,"Wigwam Casino","225 W MAIN ST",Fernley,Nevada,89408,39.235615,-119.592138,0.93,rooftop,"225 W Main St",,"Dayton, NV 89403",225,"W Main St",,,Dayton,NV,"Lyon County",89403,US,Douglas,gcod_usnkqlwsqhwg9l36fhwgzx7qv6k3g,building_centroid
VEN-3942,"Lucky's Gaming & Spirits Casino","2501 E CHARLESTON BLVD","Las Vegas",Nevada,89104,36.159129,-115.115835,1,rooftop,"2501 E Charleston Blvd",,"Las Vegas, NV 89104",2501,"E Charleston Blvd",,,"Las Vegas",NV,"Clark County",89104,US,"Las Vegas",gcod_usn3cf8fpmbyut83427taps59gxqd,building_centroid
VEN-3943,"Cannery Hotel Casino, The","2121 E CRAIG RD","North Las Vegas",Nevada,89030,36.238446,-115.119487,1,rooftop,"2121 E Craig Rd",,"North Las Vegas, NV 89030",2121,"E Craig Rd",,,"North Las Vegas",NV,"Clark County",89030,US,"Las Vegas",gcod_usnhweqzbju6fgs5efgmawsxe3gpc,building_centroid
VEN-3944,"Bonanza Lounge","4301 E BONANZA RD","Las Vegas",Nevada,89110,36.172778,-115.082836,1,rooftop,"4301 E Bonanza Rd",,"Las Vegas, NV 89110",4301,"E Bonanza Rd",,,"Las Vegas",NV,"Clark County",89110,US,Clark,gcod_usnjp28gzb76ucleq6zg4mr4llynf,building_centroid
VEN-3945,"Peppermill Coffee Shop and Lounge","2985 LAS VEGAS BLVD S","Las Vegas",Nevada,89109,36.133925,-115.163557,1,range_interpolation,"2985 Las Vegas Blvd S",,"Las Vegas, NV 89109",2985,"Las Vegas Blvd S",,,"Las Vegas",NV,"Clark County",89109,US,"TIGER/Line® from the US Census Bureau",gcod_usntu9rybrtuk4cfhp4vseztz2nj2,
VEN-3946,"Fremont Hotel and Casino","200 FREMONT ST","Las Vegas",Nevada,89101,36.170925,-115.142938,1,rooftop,"200 Fremont St",,"Las Vegas, NV 89101",200,"Fremont St",,,"Las Vegas",NV,"Clark County",89101,US,Clark,gcod_usnp72qj7ap4ubuf5npm6prt2rc64,parcel_centroid
VEN-3947,"Skinny Dugan's","4127 W CHARLESTON BLVD","Las Vegas",Nevada,89102,36.15838,-115.196907,1,rooftop,"4127 W Charleston Blvd",,"Las Vegas, NV 89102",4127,"W Charleston Blvd",,,"Las Vegas",NV,"Clark County",89102,US,Clark,gcod_usnw6y88j99n2epe98c8pvxrv8phg,parcel_centroid
VEN-3948,"Stillwater Gaming","1114 VICTORIAN AVE",Sparks,Nevada,89431,39.535203,-119.757238,1,rooftop,"1114 Victorian Ave",,"Sparks, NV 89431",1114,"Victorian Ave",,,Sparks,NV,"Washoe County",89431,US,Washoe,gcod_usnmae4n5rszwy8hfeh34vx3knbad,building_centroid
VEN-3949,"Golden West Restaurant & Casino","91 E MESQUITE BLVD",Mesquite,Nevada,89027,36.804255,-114.066809,1,rooftop,"91 E Mesquite Blvd",,"Mesquite, NV 89027",91,"E Mesquite Blvd",,,Mesquite,NV,"Clark County",89027,US,"Las Vegas",gcod_usnfe3t56afvrca3wva7msl9ymnrf,parcel_centroid
VEN-3950,"Leisure Gaming Sro","1200 W WENDOVER BLVD","West Wendover",Nevada,89883,40.739682,-114.066425,1,rooftop,"1200 Wendover Blvd",,"West Wendover, NV 89883",1200,"Wendover Blvd",,,"West Wendover",NV,"Elko County",89883,US,Elko,gcod_usndvnghdehcya43cync8m9xh5fge,building_centroid
VEN-3951,"Charlie's Bar Down Under","1950 N BUFFALO DR","Las Vegas",Nevada,89128,36.19507,-115.259722,1,rooftop,"1950 N Buffalo Dr",,"Las Vegas, NV 89128",1950,"N Buffalo Dr",,,"Las Vegas",NV,"Clark County",89128,US,Clark,gcod_usn59fnh9nw7mvyamr49q7p98ehs6,building_centroid
VEN-3952,"Sartini Gaming","7200 W LAKE MEAD BLVD","Las Vegas",Nevada,89128,36.197299,-115.247417,1,rooftop,"7200 W Lake Mead Blvd",,"Las Vegas, NV 89128",7200,"W Lake Mead Blvd",,,"Las Vegas",NV,"Clark County",89128,US,Clark,gcod_usntdcnm9ytpgvlaggy935pwfw7g7,building_centroid
VEN-3953,"Mardi Gras Inn","3500 PARADISE RD","Las Vegas",Nevada,89169,36.125478,-115.154108,1,rooftop,"3500 Paradise Rd",,"Las Vegas, NV 89169",3500,"Paradise Rd",,,"Las Vegas",NV,"Clark County",89169,US,"Las Vegas",gcod_usnxla2hv9z9pd3drzp9ecyy6cq7d,building_centroid
VEN-3954,"Carson Horseshoe Club","402 N CARSON ST","Carson City",Nevada,89701,39.166017,-119.767258,1,rooftop,"402 N Carson St",,"Carson City, NV 89701",402,"N Carson St",,,"Carson City",NV,"Carson City",89701,US,"Carson City",gcod_usnqcq764jhdvzyh9fctvc5uysp48,building_centroid
VEN-3955,"Terrible's Gaming","3555 W WINNEMUCCA BLVD STE 200",Winnemucca,Nevada,89445,40.950242,-117.760294,1,range_interpolation,"3555 W Winnemucca Blvd","Ste 200","Winnemucca, NV 89445",3555,"W Winnemucca Blvd",Ste,200,Winnemucca,NV,"Humboldt County",89445,US,"TIGER/Line® from the US Census Bureau",gcod_usn79k6bkgd388fgvfpj8nznfe6pc,
VEN-3956,"Big Wheel Casino","163 E MAIN ST",Lovelock,Nevada,89419,40.177174,-118.469253,1,rooftop,"163 E Main St",,"Lovelock, NV 89419",163,"E Main St",,,Lovelock,NV,"Pershing County",89419,US,Pershing,gcod_usn6h5abma7zmmharl7yg5n7v7bcd,building_centroid
VEN-3957,"Terrible's Casino","225 E US HIGHWAY 95 N","Indian Springs",Nevada,89018,36.577343,-115.669465,1,rooftop,"225 E US-95 N",,"Indian Springs, NV 89018",225,"E US-95 N",,,"Indian Springs",NV,"Clark County",89018,US,"Las Vegas",gcod_usnbpvb2zpenlk8adaxgcagtc3ve8,building_centroid
VEN-3958,"Longstreet Inn & Casino","8750 S NEVADA HIGHWAY 373","Amargosa Valley",Nevada,89020,36.41321,-116.423083,1,rooftop,"8750 S Nevada Highway 373",,"Amargosa Valley, NV 89020",8750,"S Nevada Highway 373",,,"Amargosa Valley",NV,"Nye County",89020,US,Nye,gcod_usnt3pruy9ydydb73vsgvtmfgs4v2,building_centroid
VEN-3959,"Molly's Casino","1966 N RAINBOW BLVD","Las Vegas",Nevada,89108,36.19483,-115.241949,1,range_interpolation,"1966 N Rainbow Blvd",,"Las Vegas, NV 89108",1966,"N Rainbow Blvd",,,"Las Vegas",NV,"Clark County",89108,US,"TIGER/Line® from the US Census Bureau",gcod_usnfpf7a7xwmc3h3nhfczqvchf3we,
VEN-3960,"Aztec Gold Inn & Casino","2200 LAS VEGAS BLVD S","Las Vegas",Nevada,89104,36.146279,-115.155681,1,range_interpolation,"2200 Las Vegas Blvd S",,"Las Vegas, NV 89104",2200,"Las Vegas Blvd S",,,"Las Vegas",NV,"Clark County",89104,US,"TIGER/Line® from the US Census Bureau",gcod_usn54nhx5lgx4rj9segxufhbu42dc,
VEN-3961,"Old Reno Casino","44 W COMMERCIAL ROW",Reno,Nevada,89501,39.52828,-119.814303,1,range_interpolation,"44 W Commercial Row",,"Reno, NV 89501",44,"W Commercial Row",,,Reno,NV,"Washoe County",89501,US,"TIGER/Line® from the US Census Bureau",gcod_usnbr853sx64qsg36k7r6vs64d3e4,
VEN-3962,"Border Inn Casino","3777 E US HWY 50",Baker,Nevada,89311,38.955899,-114.243831,0.5,place,,,"Baker, NV 89311",,,,,Baker,NV,"White Pine County",89311,US,"TIGER/Line® dataset from the US Census Bureau",,
VEN-3963,"GOLDEN ROUTE OPERATIONS","1880 W WINNEMUCCA BLVD",Winnemucca,Nevada,89445,40.960264,-117.748136,1,rooftop,"1880 W Winnemucca Blvd",,"Winnemucca, NV 89445",1880,"W Winnemucca Blvd",,,Winnemucca,NV,"Humboldt County",89445,US,Humboldt,gcod_usn79k6bkgd388fgk8thvts69chx4,building_centroid
VEN-3964,"Say When","50 US HWY 95","Ft Mcdermitt",Nevada,89421,41.997577,-117.719052,1,rooftop,"50 US-95",,"Fort Mcdermitt, NV 89421",50,US-95,,,"Fort Mcdermitt",NV,"Humboldt County",89421,US,Humboldt,gcod_usndeghneupk2zgc4xe5aq3r4vb2a,building_centroid
VEN-3965,"Market Gaming","3160 N RAINBOW BLVD","Las Vegas",Nevada,89108,36.217007,-115.240437,1,rooftop,"3160 N Rainbow Blvd",,"Las Vegas, NV 89108",3160,"N Rainbow Blvd",,,"Las Vegas",NV,"Clark County",89108,US,"Las Vegas",gcod_usnfpf7a7xwmc3h3hx2fmytabjbr3,building_centroid
VEN-3966,"Reno Turf Club","280 N CENTER ST",Reno,Nevada,89501,39.528225,-119.812144,1,range_interpolation,"280 N Center St",,"Reno, NV 89501",280,"N Center St",,,Reno,NV,"Washoe County",89501,US,"TIGER/Line® from the US Census Bureau",gcod_usnzmt9dns4jp59gcb3p9ywukjbf6,
VEN-3967,"Owl Club","72 E FRONT ST","Battle Mtn",Nevada,89820,40.643645,-116.936268,1,range_interpolation,"72 Front St",,"Battle Mountain, NV 89820",72,"Front St",,,"Battle Mountain",NV,"Lander County",89820,US,"TIGER/Line® from the US Census Bureau",gcod_usnpzlhn32rpkvwha3dgvk282kyu2,
VEN-3968,"El Cortez","600 E FREMONT ST","Las Vegas",Nevada,89101,36.168692,-115.138812,1,rooftop,"600 Fremont St",,"Las Vegas, NV 89101",600,"Fremont St",,,"Las Vegas",NV,"Clark County",89101,US,Clark,gcod_usnp72qj7ap4ubufdwvvgfu86lqjd,building_centroid
VEN-3969,"Golden Nugget","129 FREMONT ST","Las Vegas",Nevada,89101,36.168863,-115.146228,1,rooftop,"129 Fremont St",,"Las Vegas, NV 89101",129,"Fremont St",,,"Las Vegas",NV,"Clark County",89101,US,Clark,gcod_usnp72qj7ap4ubufqut8fj46k5aab,building_centroid
VEN-3970,"Gold 'N Silver Inn","790 W 4TH ST",Reno,Nevada,89503,39.527614,-119.824988,1,rooftop,"790 W 4th St",,"Reno, NV 89503",790,"W 4th St",,,Reno,NV,"Washoe County",89503,US,Washoe,gcod_usngjr62hktukqw8cbhpmyhy4mata,building_centroid
VEN-3971,SlotWorld,"3879 US HIGHWAY 50 E","Carson City",Nevada,89701,39.179352,-119.724266,1,rooftop,"3879 Hwy 50 E",,"Carson City, NV 89701",3879,"Hwy 50 E",,,"Carson City",NV,"Carson City",89701,US,"Carson City",gcod_usnrk2x3b99jg7zeswe5c5b9pfpn8,building_centroid
