venue_id,venue_name,website,street,city,state,zip,full_address,venue_category,naics_code,contact_known,num_employees,revenue_range,data_source,geocode_status,operational_notes,geocodio_ready,geocode_accuracy_type,geocode_accuracy_score,county,manual_review,latitude,longitude
VEN-001,101 Poker Club,101poker-club.com,20900 Katy Fwy,Katy,Texas,77449,"20900 Katy Fwy, Katy, Texas 77449",Poker / Card Club,,True,,,zoominfo|research,geocoded,,True,rooftop,1,Harris County,,29.785854,-95.73371
VEN-002,500 Club Casino (copy),500clubcasino.com,771 W Shaw Ave,Clovis,California,93612.0,"771 W Shaw Ave, Clovis, California, 93612, United States",Casino,713210.0,True,190.0,$25 mil. - $50 mil.,zoominfo,geocoded,,True,rooftop,1,Fresno County,,36.809763,-119.726661
VEN-003,Ace & Vine,aceandvine.com,505 Lincoln Ave,Napa,California,94558.0,"505 Lincoln Ave, Napa, California, 94558, United States",Poker / Card Club,722410.0,True,20.0,"$500,000 - $1 mil.",zoominfo,geocoded,,True,rooftop,1,Napa County,,38.309167,-122.279464
VEN-004,Agua Caliente Casinos,aguacalientecasinos.com,32250 Bob Hope Dr,Rancho Mirage,California,92270.0,"32250 Bob Hope Dr, Rancho Mirage, California, 92270, United States",Casino Hotel,721120.0,True,2130.0,$250 mil. - $500 mil.,zoominfo,geocoded,,True,rooftop,1,Riverside County,,33.814921,-116.408082
VEN-005,Alamo Card House 2,alamocardhouse.net,10311 Perrin Beitel Rd,San Antonio,Texas,78217.0,"10311 Perrin Beitel Rd, San Antonio, Texas, 78217, United States",Poker / Card Club,713990.0,True,7.0,"$500,000 - $1 mil.",zoominfo,geocoded,,True,range_interpolation,1,Bexar County,,29.533836,-98.411195
VEN-006,Alpha Social Club,alphacardclub.com,,,,,,Poker / Card Club,,False,,,accounts_only,needs_research,,False,,,,,,
VEN-007,Apache Casino Hotel,apachecasinohotel.com,2315 E Gore Blvd,Lawton,Oklahoma,73501,"2315 E Gore Blvd, Lawton, Oklahoma 73501",Casino Hotel,,False,,,accounts_only|research,geocoded,,True,range_interpolation,1,Comanche County,,34.608908,-98.365711
VEN-008,Artichoke Joe's Casino,artichokejoes.com,659 Huntington Ave,San Bruno,California,94066.0,"659 Huntington Ave, San Bruno, California, 94066, United States",Casino,713210.0,True,417.0,$50 mil. - $100 mil.,zoominfo,geocoded,,True,rooftop,1,San Mateo County,,37.627905,-122.410744
VEN-009,Bankers Casino,bankerscasino.net,,,,,,Casino,,False,,,accounts_only,needs_research,,False,,,,,,
VEN-010,Bay 101 Casino,bay101.com,1788 N 1st St,San Jose,California,95112.0,"1788 N 1st St, San Jose, California, 95112, United States",Casino Hotel,721120.0,True,498.0,$50 mil. - $100 mil.,zoominfo,geocoded,,True,rooftop,1,Santa Clara County,,37.369752,-121.913393
VEN-011,Beach Poker Club,beachpokerclub.com,890 Seneca Rd Ste 700,Eugene,Oregon,97402.0,"890 Seneca Rd Ste 700, Eugene, Oregon, 97402, United States",Casino,713290.0,True,6.0,"$500,000 - $1 mil.",zoominfo,geocoded,,True,rooftop,1,Lane County,,44.050338,-123.141451
VEN-012,Bear River Casino,bearrivercasino.com,11 Bear Paws Way,Loleta,California,95551.0,"11 Bear Paws Way, Loleta, California, 95551, United States",Casino Hotel,721120.0,True,242.0,$50 mil. - $100 mil.,zoominfo,geocoded,,True,rooftop,1,Humboldt County,,40.627108,-124.208461
VEN-013,Bend Poker Room,bendpokerroom.com,917 NE Greenwood Ave,Bend,Oregon,97701,"917 NE Greenwood Ave, Bend, Oregon 97701",Poker / Card Club,,False,,,accounts_only|research,geocoded,,True,rooftop,1,Deschutes County,,44.059736,-121.292087
VEN-014,Blue Lake Casino,bluelakecasino.com,777 Casino Way,Blue Lake,California,95525,"777 Casino Way, Blue Lake, California 95525",Casino Hotel,721120.0,True,312.0,$25 mil. - $50 mil.,zoominfo,geocoded,Coordinates manually verified | Coordinates manually verified,True,manual,1,Humboldt County,,40.885481,-123.998358
VEN-015,Bluff RGV,bluff-rgv.business.site,,Edinburg,Texas,,,Poker / Card Club,,False,,,accounts_only|research,needs_street,,False,,,,,,
VEN-016,Cache Creek Casino Resort,cachecreek.com,14455 Hwy 16,Brooks,California,95606.0,"14455 Hwy 16, Brooks, California, 95606, United States",Casino Hotel,721120.0,True,2273.0,$250 mil. - $500 mil.,zoominfo,geocoded,,True,rooftop,1,Yolo County,,38.734512,-122.142638
VEN-017,California Grand Casino,californiagrandcasino.com,5988 Pacheco Blvd,Pacheco,California,94553.0,"5988 Pacheco Blvd, Pacheco, California, 94553, United States",Casino,713210.0,True,117.0,$25 mil. - $50 mil.,zoominfo,geocoded,,True,rooftop,1,Contra Costa County,,37.982062,-122.067579
VEN-018,Canterbury Park,canterburypark.com,1100 Canterbury Rd S,Shakopee,Minnesota,55379.0,"1100 Canterbury Rd S, Shakopee, Minnesota, 55379, United States",Poker / Card Club,713990.0,True,241.0,$50 mil. - $100 mil.,zoominfo,geocoded,,True,rooftop,1,Scott County,,44.790546,-93.482936
VEN-019,Capitol Casino,capitol-casino.com,411 N 16th St,Sacramento,California,95811.0,"411 N 16th St, Sacramento, California, 95811, United States",Casino,713210.0,True,138.0,$25 mil. - $50 mil.,zoominfo,geocoded,,True,rooftop,1,Sacramento County,,38.591492,-121.478963
VEN-020,Casino 99 formerly Angie's Poker Club,casino99chico.com,,Chico,California,,,Poker / Card Club,,False,,,accounts_only|research,needs_street,,False,,,,,,
VEN-021,Casino Chico,casinochico.com,,Chico,California,,,Casino,,False,,,accounts_only|research,needs_street,,False,,,,,,
VEN-022,Casino Club,reddingpoker.com,,Redding,California,,,Casino,,False,,,accounts_only|research,needs_street,,False,,,,,,
VEN-023,Casino Club,casinoclub.com,,Redding,California,,,Casino,,False,,,accounts_only|research,needs_street,,False,,,,,,
VEN-024,Casino M8trix,casinom8trix.com,1887 Matrix Blvd,San Jose,California,95110.0,"1887 Matrix Blvd, San Jose, California, 95110, United States",Poker / Card Club,722410.0,True,466.0,$1 mil. - $5 mil.,zoominfo,geocoded,,True,rooftop,1,Santa Clara County,,37.371415,-121.919503
VEN-025,Casino Monterey - The Marina Club,casinomonterey.com,204 Carmel Ave,Marina,California,93933.0,"204 Carmel Ave, Marina, California, 93933, United States",Casino Hotel,721120.0,True,21.0,$1 mil. - $5 mil.,zoominfo,geocoded,,True,range_interpolation,1,Monterey County,,36.683661,-121.801921
VEN-026,Casino Pauma,casinopauma.com,777 Pauma Reservation Rd,Pauma Valley,California,92061,"777 Pauma Reservation Rd, Pauma Valley, California 92061",Casino,,False,,,accounts_only|research,geocoded,,True,rooftop,1,San Diego County,,33.32999,-116.991391
VEN-027,Celebrity Card Club,pokerodessa.com,4803 Plaza Blvd Ste 202,Odessa,Texas,79762,"4803 Plaza Blvd Ste 202, Odessa, Texas 79762",Poker / Card Club,,False,,,accounts_only|research,geocoded,,True,rooftop,1,Ector County,,31.900849,-102.33772
VEN-028,Central Coast Casino,slo-poker.com,,San Luis Obispo,California,,,Casino,,True,,,zoominfo|research,needs_street,,False,,,,,,
VEN-029,Central Illinois Charitable Games (CICG),centralillinoischaritablegames.com,,,,,,Poker / Card Club,,False,,,accounts_only,needs_research,,False,,,,,,
VEN-030,Cherokee Nation Entertainment,hardrockcasinotulsa.com,777 W Cherokee St,Tulsa,Oklahoma,74015.0,"777 W Cherokee St, Tulsa, Oklahoma, 74015, United States",Casino Hotel,721120.0,True,140.0,$10 mil. - $25 mil.,zoominfo,geocoded,,True,rooftop,1,Rogers County,,36.166138,-95.765125
VEN-031,Choctaw Casinos & Resorts,choctawcasinos.com,1638 S George Nigh Expy,McAlester,Oklahoma,74501.0,"1638 S George Nigh Expy, McAlester, Oklahoma, 74501, United States",Casino Hotel,721110.0,True,531.0,$5 mil. - $10 mil.,zoominfo,geocoded,,True,range_interpolation,0.83,Pittsburg County,,34.916862,-95.750107
VEN-032,Chumash Casino Resort,chumashcasino.com,3400 Hwy 246,Santa Ynez,California,93460,"3400 Hwy 246, Santa Ynez, California 93460",Casino,,False,,,accounts_only|research,geocoded,,True,range_interpolation,1,Santa Barbara County,,34.60973,-120.087002
VEN-033,Club One Casino,clubonecasino.com,3950 N Cedar Ave,Fresno,California,93726,"3950 N Cedar Ave, Fresno, California 93726",Casino,,False,,,accounts_only|research,geocoded,,True,rooftop,1,Fresno County,,36.789354,-119.752287
VEN-034,Coyote Valley Casino,coyotevalleycasino.com,3250 Hwy 128,Geyserville,California,95441.0,"3250 Hwy 128, Geyserville, California, 95441, United States",Poker / Card Club,722513.0,True,513.0,$50 mil. - $100 mil.,zoominfo,geocoded,,True,rooftop,1,Sonoma County,,38.703461,-122.859006
VEN-035,DiCicco's Charity Poker Lounge,diciccosloungeandpokerroom.com,,,,,,Poker / Card Club,,False,,,accounts_only,needs_research,,False,,,,,,
VEN-036,Diamond Jim's Casino (copy),djimscasino.com,118 20th St W,Rosamond,California,93560,"118 20th St W, Rosamond, California 93560",Casino,713210.0,True,18.0,$1 mil. - $5 mil.,zoominfo,geocoded,Address manually verified | Address manually verified,True,manual,1,Kern County,,34.822691,-118.166110
VEN-037,Diamond Mountain Casino Hotel,dmcah.com,900 Skyline Dr,Susanville,California,96130,"900 Skyline Dr, Susanville, California 96130",Casino Hotel,,False,,,accounts_only|research,geocoded,,True,rooftop,1,Lassen County,,40.427433,-120.657179
VEN-038,Downstream Casino Resort,downstreamcasino.com,10000 W Innovation Dr Ste 250,Milwaukee,Wisconsin,53226.0,"10000 W Innovation Dr Ste 250, Milwaukee, Wisconsin, 53226, United States",Casino Hotel,541618.0,True,3200.0,$500 mil. - $1 bil.,zoominfo,geocoded,,True,rooftop,1,Milwaukee County,,43.041652,-88.034542
VEN-039,Elk Valley Casino,elkvalleycasino.com,2332 Howland Hill Rd,Crescent City,California,95531.0,"2332 Howland Hill Rd, Crescent City, California, 95531, United States",Casino,713210.0,True,144.0,$10 mil. - $25 mil.,zoominfo,geocoded,,True,rooftop,1,Del Norte County,,41.758615,-124.158125
VEN-040,Empire Poker Club,empirepokerclub.com,9296 Westheimer Rd Ste 100,Houston,Texas,77063,"9296 Westheimer Rd Ste 100, Houston, Texas 77063",Poker / Card Club,,False,,,accounts_only|research,geocoded,,True,rooftop,1,Harris County,,29.737996,-95.526397
VEN-041,Empire Social Lounge,419poker.com,,Toledo,Ohio,,,Poker / Card Club,,False,,,accounts_only|research,needs_street,,False,,,,,,
VEN-042,Feather Falls Casino,featherfallscasino.com,3 Alverda Dr,Oroville,California,95966.0,"3 Alverda Dr, Oroville, California, 95966, United States",Casino Hotel,721120.0,True,556.0,$50 mil. - $100 mil.,zoominfo,geocoded,,True,rooftop,1,Butte County,,39.467157,-121.515664
VEN-043,Final Table Poker Club,pokerportland.com,2620 SE 122nd Ave,Portland,Oregon,97236.0,"2620 SE 122nd Ave, Portland, Oregon, 97236, United States",Casino,713120.0,True,19.0,$1 mil. - $5 mil.,zoominfo,geocoded,,True,rooftop,1,Multnomah County,,45.503171,-122.53689
VEN-044,Flaming Aces Card Club,flamingaces.com,,,,,,Poker / Card Club,,False,,,accounts_only,needs_research,,False,,,,,,
VEN-045,Fortune Poker Room,fortunerenton.com,111 S 3rd St,Renton,Washington,98057.0,"111 S 3rd St, Renton, Washington, 98057, United States",Casino,713210.0,True,18.0,$1 mil. - $5 mil.,zoominfo,geocoded,,True,rooftop,1,King County,,47.479552,-122.215273
VEN-046,Full House Poker,fullhousepoker.org,808 Olive St,Eugene,Oregon,97401.0,"808 Olive St, Eugene, Oregon, 97401, United States",Casino,713290.0,True,9.0,"$500,000 - $1 mil.",zoominfo,geocoded,,True,rooftop,1,Lane County,,44.050774,-123.094459
VEN-047,Garlic City Casino,garliccityclub.com,2507 Post Rd,Southport,Connecticut,6890.0,"2507 Post Rd, Southport, Connecticut, 06890, United States",Casino,561440.0,True,22.0,$5 mil. - $10 mil.,zoominfo,geocoded,,True,rooftop,1,Greater Bridgeport Planning Region,,41.139384,-73.27569
VEN-048,Gemini Poker Club,mansfieldgemini.com,,,,,,Poker / Card Club,,False,,,accounts_only,needs_research,,False,,,,,,
VEN-049,Gin Mill Card Club,ginmillcardclub.com,4142 19th St,Lubbock,Texas,79407,"4142 19th St, Lubbock, Texas 79407",Poker / Card Club,,False,,,accounts_only|research,geocoded,,True,rooftop,1,Lubbock County,,33.578358,-101.901688
VEN-050,Grand Casino Hotel Resort,grandresortok.com,777 Grand Casino Blvd,Shawnee,Oklahoma,74804.0,"777 Grand Casino Blvd, Shawnee, Oklahoma, 74804, United States",Casino Hotel,721110.0,True,617.0,$25 mil. - $50 mil.,zoominfo,geocoded,,True,range_interpolation,0.92,Pottawatomie County,,35.342747,-96.914017
VEN-051,Grants Pass Poker Room,grantspasspokerroom.com,,,,,,Poker / Card Club,,False,,,accounts_only,needs_research,,False,,,,,,
VEN-052,Graton Resort & Casino,gratonresortcasino.com,288 Golf Course Dr,Rohnert Park,California,94928.0,"288 Golf Course Dr, Rohnert Park, California, 94928, United States",Poker / Card Club,722513.0,True,1646.0,$250 mil. - $500 mil.,zoominfo,geocoded,,True,rooftop,1,Sonoma County,,38.361086,-122.722787
VEN-053,HC Card House,hccardhouse.com,,,,,,Poker / Card Club,,False,,,accounts_only,needs_research,,False,,,,,,
VEN-054,High Mountain Poker,highmountainpoker.com,2160 W 11th Ave Ste D,Eugene,Oregon,97402.0,"2160 W 11th Ave Ste D, Eugene, Oregon, 97402, United States",Poker / Card Club,524210.0,True,23.0,$5 mil. - $10 mil.,zoominfo,geocoded,,True,rooftop,1,Lane County,,44.047136,-123.126137
VEN-055,Indigo Sky Casino,indigoskycasino.com,70220 US-60,Wyandotte,Oklahoma,74370,"70220 US-60, Wyandotte, Oklahoma 74370",Casino Hotel,721110.0,True,16.0,$1 mil. - $5 mil.,zoominfo,geocoded,Coordinates manually verified | Coordinates manually verified,True,manual,1,Ottawa County,,36.824556,-94.629189
VEN-056,JACK Entertainment,jackentertainment.com,100 Public Sq Fl 2,Cleveland,Ohio,44113.0,"100 Public Sq Fl 2, Cleveland, Ohio, 44113, United States",Casino Hotel,721120.0,True,2702.0,$250 mil. - $500 mil.,zoominfo,geocoded,,True,rooftop,1,Cuyahoga County,,41.498663,-81.693233
VEN-057,Jackson Rancheria Casino Resort,jacksoncasino.com,12222 New York Ranch Rd,Jackson,California,95642.0,"12222 New York Ranch Rd, Jackson, California, 95642, United States",Casino,713290.0,True,275.0,$25 mil. - $50 mil.,zoominfo,geocoded,,True,range_interpolation,1,Amador County,,38.384256,-120.741724
VEN-058,Jamul Casino,jamulcasinosd.com,14145 Campo Rd,Jamul,California,91935.0,"14145 Campo Rd, Jamul, California, 91935, United States",Tribal,921150.0,True,621.0,$10 mil. - $25 mil.,zoominfo,geocoded,,True,rooftop,1,San Diego County,,32.704438,-116.869228
VEN-059,K Rock Poker Club,krockpokerclub.com,,,,,,Poker / Card Club,,False,,,accounts_only,needs_research,,False,,,,,,
VEN-060,Kickapoo Lucky Eagle,luckyeagletexas.com,794 Lucky Eagle Dr,Eagle Pass,Texas,78852.0,"794 Lucky Eagle Dr, Eagle Pass, Texas, 78852, United States",Casino,713210.0,True,484.0,$1 mil. - $5 mil.,zoominfo,geocoded,,True,rooftop,1,Maverick County,,28.610789,-100.44161
VEN-061,Kings Card Club,kingscardclub.com,,,,,,Poker / Card Club,,True,,,zoominfo,needs_research,,False,,,,,,
VEN-062,Kojack's Poker Club,kojackspokerclub.com,3205 W Cuthbert Ave,Midland,Texas,79701,"3205 W Cuthbert Ave, Midland, Texas 79701",Poker / Card Club,,False,,,accounts_only|research,geocoded,,True,range_interpolation,1,Midland County,,31.99901,-102.116139
VEN-063,Krazy Kopz Charity Room,krazykopzpoker.com,38250 Ford Rd,Westland,Michigan,48185.0,"38250 Ford Rd, Westland, Michigan, 48185, United States",Casino,713210.0,True,2.0,"Under $500,000",zoominfo,geocoded,,True,range_interpolation,1,Wayne County,,42.323964,-83.416685
VEN-064,Last Frontier Casino,lastfrontiercasino.com,105 W 4th St,La Center,Washington,98629.0,"105 W 4th St, La Center, Washington, 98629, United States",Casino,713210.0,True,27.0,$5 mil. - $10 mil.,zoominfo,geocoded,,True,rooftop,1,Clark County,,45.862593,-122.671809
VEN-065,Limelight Card Room,limelightcardroom.com,,,,,,Poker / Card Club,,False,,,accounts_only,needs_research,,False,,,,,,
VEN-066,Livermore Casino,livermorecasino.net,3571 1st St,Livermore,California,94551.0,"3571 1st St, Livermore, California, 94551, United States",Casino,713210.0,True,63.0,$5 mil. - $10 mil.,zoominfo,geocoded,,True,rooftop,1,Alameda County,,37.688111,-121.757126
VEN-067,Lucky 7 Casino,lucky7casino.com,,,,,,Casino,,False,,,accounts_only,needs_research,,False,,,,,,
VEN-068,Lucky Card Club Austin,luckycardclubaustin.com,12233 N FM 620,Austin,Texas,78750,"12233 N FM 620, Austin, Texas 78750",Poker / Card Club,,False,,,accounts_only|research,geocoded,,True,rooftop,1,Williamson County,,30.461764,-97.815288
VEN-069,Lucky Chances,luckychances.com,1700 Hillside Blvd,Colma,California,94014.0,"1700 Hillside Blvd, Colma, California, 94014, United States",Casino,713210.0,True,95.0,$100 mil. - $250 mil.,zoominfo,geocoded,,True,rooftop,1,San Mateo County,,37.679903,-122.45259
VEN-070,Magnolia House Casino,magnoliahousecasino.com,,,,,,Casino,,False,,,accounts_only,needs_research,,False,,,,,,
VEN-071,Medford Social Club Poker Room,medford.poker,322 E Main St,Medford,Oregon,97501,"322 E Main St, Medford, Oregon 97501",Poker / Card Club,,False,,,accounts_only|research,geocoded,,True,rooftop,1,Jackson County,,42.327119,-122.870763
VEN-072,Morongo Casino Resort & Spa,morongocasinoresort.com,49750 Seminole Dr,Cabazon,California,92230.0,"49750 Seminole Dr, Cabazon, California, 92230, United States",Casino Hotel,713950.0,True,6.0,"Under $500,000",zoominfo,geocoded,,True,rooftop,1,Riverside County,,33.920285,-116.794191
VEN-073,Napa Valley Casino,napavalleycasino.com,3466 Broadway St,American Canyon,California,94503,"3466 Broadway St, American Canyon, California 94503",Casino,,False,,,accounts_only|research,geocoded,,True,range_interpolation,1,Napa County,,38.170237,-122.25296
VEN-074,Newgate Poker Club,newgatepoker.com,,,,,,Poker / Card Club,,False,,,accounts_only,needs_research,,False,,,,,,
VEN-075,No Look Poker Club,nolookpokerroom.com,2990 N Pacific Hwy,Medford,Oregon,97501,"2990 N Pacific Hwy, Medford, Oregon 97501",Poker / Card Club,,False,,,accounts_only|research,geocoded,,True,rooftop,1,Jackson County,,42.351752,-122.896864
VEN-076,Oaks Card Club,oakscardclub.com,4097 San Pablo Ave,Emeryville,California,94608.0,"4097 San Pablo Ave, Emeryville, California, 94608, United States",Poker / Card Club,722410.0,True,299.0,$10 mil. - $25 mil.,zoominfo,geocoded,,True,rooftop,1,Alameda County,,37.832097,-122.280494
VEN-077,Oceanview Casino,oceanviewcasino.com,709 Pacific Ave,Santa Cruz,California,95060.0,"709 Pacific Ave, Santa Cruz, California, 95060, United States",Casino,713290.0,True,16.0,$1 mil. - $5 mil.,zoominfo,geocoded,,True,rooftop,1,Santa Cruz County,,36.968803,-122.025046
VEN-078,Old Cayucos Tavern Card Room,oldcayucostavern.com,130 N Ocean Ave,Cayucos,California,93430.0,"130 N Ocean Ave, Cayucos, California, 93430, United States",Poker / Card Club,722410.0,True,12.0,$1 mil. - $5 mil.,zoominfo,geocoded,,True,rooftop,1,San Luis Obispo County,,35.449279,-120.904602
VEN-079,On The River Poker Club,otrpoker.com,,San Marcos,Texas,,,Poker / Card Club,,False,,,accounts_only|research,needs_street,,False,,,,,,
VEN-080,One-Eyed Jack's Poker Room,oneeyedjacksmarion.com,4601 S Kirkman Rd,Orlando,Florida,32811.0,"4601 S Kirkman Rd, Orlando, Florida, 32811, United States",Poker / Card Club,611110.0,True,25.0,$5 mil. - $10 mil.,zoominfo,geocoded,,True,rooftop,1,Orange County,,28.495611,-81.458322
VEN-081,Outlaws Card Parlour,outlawspoker.com,,,,,,Poker / Card Club,,False,,,accounts_only,needs_research,,False,,,,,,
VEN-082,Paiute Palace Casino,wanaaha.com,2742 N Sierra Hwy,Bishop,California,93514.0,"2742 N Sierra Hwy, Bishop, California, 93514, United States",Casino Hotel,721120.0,True,113.0,$10 mil. - $25 mil.,zoominfo,geocoded,,True,rooftop,1,Inyo County,,37.375492,-118.426154
VEN-083,Palace Poker Casino,thepalacepokercasino.com,22821 Mission Blvd,Hayward,California,94541.0,"22821 Mission Blvd, Hayward, California, 94541, United States",Casino,713210.0,True,19.0,$5 mil. - $10 mil.,zoominfo,geocoded,,True,rooftop,1,Alameda County,,37.669552,-122.081937
VEN-084,Paramount Social Club,paramountsocial.com,,Houston,Texas,,,Poker / Card Club,,False,,,accounts_only|research,needs_street,,False,,,,,,
VEN-085,Parkwest Casino Manteca,parkwestcasinomanteca.com,1355 N Main St,Manteca,California,95336.0,"1355 N Main St, Manteca, California, 95336, United States",Casino,713210.0,True,26.0,$1 mil. - $5 mil.,zoominfo,geocoded,,True,rooftop,1,San Joaquin County,,37.817064,-121.218013
VEN-086,Paso Robles Casino,pasoroblescasino.com,1144 Black Oak Dr,Paso Robles,California,93446.0,"1144 Black Oak Dr, Paso Robles, California, 93446, United States",Casino Hotel,721120.0,True,17.0,$1 mil. - $5 mil.,zoominfo,geocoded,,True,rooftop,1,San Luis Obispo County,,35.644773,-120.687044
VEN-087,Pechanga Resort Casino,pechanga.com,45000 Pechanga Pkwy,Temecula,California,92592.0,"45000 Pechanga Pkwy, Temecula, California, 92592, United States",Casino Hotel,721120.0,True,4700.0,$500 mil. - $1 bil.,zoominfo,geocoded,,True,rooftop,1,Riverside County,,33.45621,-117.106702
VEN-088,Pete's 881 Club,petes881club.com,,,,,,Poker / Card Club,,False,,,accounts_only,needs_research,,False,,,,,,
VEN-089,Play Poker Chicago,playpokerchicago.com,,Chicago,Illinois,,,Poker / Card Club,,False,,,accounts_only|research,needs_street,,False,,,,,,
VEN-090,Poker House of Dallas,thepokerhouse.com,1676 Regal Row,Dallas,Texas,75247,"1676 Regal Row, Dallas, Texas 75247",Poker / Card Club,,False,,,accounts_only,geocoded,POSSIBLY CLOSED - verify (Yelp shows closed June 2023),True,rooftop,1,Dallas County,,32.835971,-96.87315
VEN-091,Portland Meadows,portlandmeadows.com,8102 NE Lombard St,Portland,Oregon,97218.0,"8102 NE Lombard St, Portland, Oregon, 97218, United States",Racetrack,711212.0,True,18.0,$1 mil. - $5 mil.,zoominfo,geocoded,,True,rooftop,1,Multnomah County,,45.56235,-122.579196
VEN-092,Prime Social,primesocialtx.com,7801 Westheimer Rd,Houston,Texas,77063.0,"7801 Westheimer Rd, Houston, Texas, 77063, United States",Poker / Card Club,722410.0,True,2.0,"Under $500,000",zoominfo,geocoded,,True,rooftop,1,Harris County,,29.737185,-95.50543
VEN-093,Quechan Casino Resort,playqcr.com,525 Algodones Rd,Winterhaven,California,92283.0,"525 Algodones Rd, Winterhaven, California, 92283, United States",Casino Hotel,721120.0,True,732.0,$5 mil. - $10 mil.,zoominfo,geocoded,,True,range_interpolation,1,Imperial County,,32.740137,-114.719945
VEN-094,River Room Poker Club,riverroompoker.com,,,,,,Poker / Card Club,,True,,,zoominfo,needs_research,,False,,,,,,
VEN-095,River Spirit Casino,riverspirittulsa.com,8330 Riverside Pkwy,Tulsa,Oklahoma,74137.0,"8330 Riverside Pkwy, Tulsa, Oklahoma, 74137, United States",Casino Hotel,721120.0,True,925.0,$250 mil. - $500 mil.,zoominfo,geocoded,,True,rooftop,1,Tulsa County,,36.041591,-95.963645
VEN-096,Riverwind Casino,riverwind.com,1544 OK-9,Norman,Oklahoma,73072,"1544 OK-9, Norman, Oklahoma 73072",Tribal,921150.0,True,15000.0,$1 bil. - $5 bil.,zoominfo,geocoded,Riverwind Casino should be in Goldsby/Norman OK not Ada - verify | Coordinates manually corrected,True,manual,1,Pontotoc County,,35.181979,-97.500272
VEN-097,Rogelio's Casino,rogelios.net,,,,,,Casino,,False,,,accounts_only,needs_research,,False,,,,,,
VEN-098,Rosemack Charity Poker Room,rosemackbingo.com,,,,,,Poker / Card Club,,False,,,accounts_only,needs_research,,False,,,,,,
VEN-099,Rounders Card Club,rounderscardclub.com,3723 Colony Dr Ste 101,San Antonio,Texas,78230.0,"3723 Colony Dr Ste 101, San Antonio, Texas, 78230, United States",Racetrack,711219.0,True,7.0,$1 mil. - $5 mil.,zoominfo,geocoded,,True,rooftop,1,Bexar County,,29.532849,-98.55956
VEN-100,Rounders Poker Room - One Eyed Jacks,oneeyedjacksrestaurant.com,,,,,,Poker / Card Club,,False,,,accounts_only,needs_research,,False,,,,,,
VEN-101,Roundtree Bar & Grill,roundtreebar.com,,,,,,Poker / Card Club,,False,,,accounts_only,needs_research,,False,,,,,,
VEN-102,SA Card House,sacardhouse.com,19314 Us Hwy 281 N Ste 110,San Antonio,Texas,78258.0,"19314 Us Hwy 281 N Ste 110, San Antonio, Texas, 78258, United States",Poker / Card Club,713990.0,True,48.0,$1 mil. - $5 mil.,zoominfo,geocoded,,True,rooftop,1,Bexar County,,29.62158,-98.462492
VEN-103,San Antonio Poker Palace,sapokerpalace.com,15058 San Pedro Ave,San Antonio,Texas,78232.0,"15058 San Pedro Ave, San Antonio, Texas, 78232, United States",Poker / Card Club,713990.0,True,11.0,$1 mil. - $5 mil.,zoominfo,geocoded,,True,range_interpolation,1,Bexar County,,29.577616,-98.477266
VEN-104,Shark Tank Poker Club,sharktankpokerclub.com,1508 Bethel Rd,Columbus,Ohio,43220.0,"1508 Bethel Rd, Columbus, Ohio, 43220, United States",Poker / Card Club,713990.0,True,23.0,$5 mil. - $10 mil.,zoominfo,geocoded,,True,rooftop,1,Franklin County,,40.065126,-83.059155
VEN-105,Shuffle 214,shuffle214.com,11411 E Northwest Hwy,Dallas,Texas,75218,"11411 E Northwest Hwy, Dallas, Texas 75218",Poker / Card Club,,False,,,accounts_only|research,geocoded,,True,rooftop,1,Dallas County,,32.865564,-96.681901
VEN-106,Shuffle 512,shuffle512.com,6501 S Congress Ave Ste 1-104,Austin,Texas,78745.0,"6501 S Congress Ave Ste 1-104, Austin, Texas, 78745, United States",Poker / Card Club,713990.0,True,7.0,$1 mil. - $5 mil.,zoominfo,geocoded,,True,rooftop,1,Travis County,,30.195247,-97.777415
VEN-107,Sidelines Poker Room,sidelinespoker.com,,,,,,Poker / Card Club,,False,,,accounts_only,needs_research,,False,,,,,,
VEN-108,Spades Poker House,spadespokerhouse.com,20798 Gulf Fwy,Webster,Texas,77598,"20798 Gulf Fwy, Webster, Texas 77598",Poker / Card Club,,False,,,accounts_only|research,geocoded,,True,rooftop,1,Harris County,,29.525305,-95.128783
VEN-109,Stacks Social Club,stacks-social-club.business.site,,,,,,Poker / Card Club,,True,,,zoominfo,needs_research,,False,,,,,,
VEN-110,Stones Gambling Hall,stonesgamblinghall.com,6508 Antelope Rd 6510,Citrus Heights,California,95621.0,"6508 Antelope Rd 6510, Citrus Heights, California, 95621, United States",Casino,713210.0,True,14.0,$5 mil. - $10 mil.,zoominfo,geocoded,,True,rooftop,1,Sacramento County,,38.706258,-121.312605
VEN-111,Suits Social Club,suitssocialclub.com,,,,,,Poker / Card Club,,False,,,accounts_only,needs_research,,False,,,,,,
VEN-112,Sun City Card Club,suncitycardclubs.com,,El Paso,Texas,,,Poker / Card Club,,False,,,accounts_only|research,needs_street,,False,,,,,,
VEN-113,Sundowner Card Room,sundownercardroom.com,,,,,,Poker / Card Club,,False,,,accounts_only,needs_research,,False,,,,,,
VEN-114,Sycuan Casino Resort,sycuan.com,15318 S Avenue B,Somerton,Arizona,85350.0,"15318 S Avenue B, Somerton, Arizona, 85350, United States",Casino Hotel,721120.0,True,188.0,$50 mil. - $100 mil.,zoominfo,geocoded,,True,rooftop,1,Yuma County,,32.607072,-114.652224
VEN-115,Table Mountain Casino,tmcasino.com,8184 Table Mountain Rd,Friant,California,93626.0,"8184 Table Mountain Rd, Friant, California, 93626, United States",Poker / Card Club,722513.0,True,1303.0,$100 mil. - $250 mil.,zoominfo,geocoded,,True,range_interpolation,1,Fresno County,,36.985377,-119.637206
VEN-116,Texas Card House,texascardhouse.com,1411 Spring Cypress Rd,Spring,Texas,77373.0,"1411 Spring Cypress Rd, Spring, Texas, 77373, United States",Casino,713210.0,True,82.0,$10 mil. - $25 mil.,zoominfo,geocoded,,True,rooftop,1,Harris County,,30.074397,-95.433526
VEN-117,Texline Card House Social Club,texlinecardhouse.com,4218 Gibson Lane,Texarkana,Texas,75503,"4218 Gibson Lane, Texarkana, Texas 75503",Poker / Card Club,,False,,,accounts_only|research,geocoded,,True,rooftop,1,Bowie County,,33.459604,-94.094869
VEN-118,The Aviator Casino,theaviatorcasino.com,1225 Airport Dr,Delano,California,93215.0,"1225 Airport Dr, Delano, California, 93215, United States",Casino Hotel,721120.0,True,20.0,$1 mil. - $5 mil.,zoominfo,geocoded,,True,range_interpolation,1,Kern County,,35.744993,-119.239165
VEN-119,The Club House,clubhousepokerroom.com,,Roseburg,Oregon,,,Poker / Card Club,,False,,,accounts_only|research,needs_street,,False,,,,,,
VEN-120,The Diamond Poker Club,thediamondpokerclub.com,,Albany,Oregon,,,Poker / Card Club,,False,,,accounts_only|research,needs_street,,False,,,,,,
VEN-121,The Georgetown Poker Club,georgetownpokerclub.com,,,,,,Poker / Card Club,,False,,,accounts_only,needs_research,,False,,,,,,
VEN-122,The Green Room Poker Club,thegreenroompoker.com,,,,,,Poker / Card Club,,False,,,accounts_only,needs_research,,False,,,,,,
VEN-123,The Hangar Poker House,hangarpokerhouse.com,212 N Bender Ave 244,Humble,Texas,77338.0,"212 N Bender Ave 244, Humble, Texas, 77338, United States",Casino,713290.0,True,6.0,"$500,000 - $1 mil.",zoominfo,geocoded,,True,nearest_rooftop_match,0.87,Harris County,,30.000129,-95.267395
VEN-124,The Hideaway Poker Club,thehideawaypoker.com,,,,,,Poker / Card Club,,False,,,accounts_only,needs_research,,False,,,,,,
VEN-125,The Lodge Poker Club,thelodgepokerclub.com,1401 S Interstate 35 Ste 130,Round Rock,Texas,78664.0,"1401 S Interstate 35 Ste 130, Round Rock, Texas, 78664, United States",Poker / Card Club,722511.0,True,13.0,"$500,000 - $1 mil.",zoominfo,geocoded,,True,rooftop,1,Williamson County,,30.496094,-97.6778
VEN-126,The Nineteenth Hole,19thholeantioch.com,,Antioch,California,,,Poker / Card Club,,False,,,accounts_only|research,needs_street,,False,,,,,,
VEN-127,The Office - Formerly Abby J Cardhouse,abbyjcardhouse.com,,San Antonio,Texas,,,Poker / Card Club,,False,,,accounts_only|research,needs_street,,False,,,,,,
VEN-128,The Royal Card House of San Antonio,theroyalcardhouse.com,,,,,,Poker / Card Club,,False,,,accounts_only,needs_research,,False,,,,,,
VEN-129,Thunder Valley Casino Resort,thundervalleyresort.com,1200 Athens Ave,Lincoln,California,95648.0,"1200 Athens Ave, Lincoln, California, 95648, United States",Casino Hotel,721120.0,True,2328.0,$500 mil. - $1 bil.,zoominfo,geocoded,,True,rooftop,1,Placer County,,38.839237,-121.311788
VEN-130,Tortoise Rock Casino,tortoiserockcasino.com,73829 Baseline Rd,Twentynine Palms,California,92277.0,"73829 Baseline Rd, Twentynine Palms, California, 92277, United States",Casino Hotel,721120.0,True,107.0,$10 mil. - $25 mil.,zoominfo,geocoded,,True,rooftop,1,San Bernardino County,,34.119565,-116.051589
VEN-131,Towers Casino,towerscasino.com,,,,,,Casino,,False,,,accounts_only,needs_research,,False,,,,,,
VEN-132,Turlock Poker Room (copy),turlockpoker.com,115 S Golden State Blvd,Turlock,California,95380.0,"115 S Golden State Blvd, Turlock, California, 95380, United States",Poker / Card Club,813910.0,True,30.0,$1 mil. - $5 mil.,zoominfo,geocoded,,True,rooftop,1,Stanislaus County,,37.494095,-120.84578
VEN-133,Viking Social Poker Club,vikingsocialclub.com,,,,,,Poker / Card Club,,True,,,zoominfo,needs_research,,False,,,,,,
VEN-134,West Texas Card House,wtxpoker.com,,Lubbock,Texas,,,Poker / Card Club,,False,,,accounts_only|research,needs_street,,False,,,,,,
VEN-135,Win-River Resort & Casino,winrivercasino.com,2100 Redding Rancheria Rd,Redding,California,96001,"2100 Redding Rancheria Rd, Redding, California 96001",Casino Hotel,,False,,,accounts_only|research,geocoded,,True,rooftop,1,Shasta County,,40.50729,-122.382687
VEN-136,WinStar World Casino,winstar.com,777 Casino Ave,Thackerville,Oklahoma,73459,"777 Casino Ave, Thackerville, Oklahoma 73459",Tribal,921150.0,True,15000.0,$1 bil. - $5 bil.,zoominfo,geocoded,Coordinates manually corrected | Coordinates manually corrected,True,manual,1,Pontotoc County,,33.760132,-97.128929
VEN-137,Windy City Poker Championship,windycitypokerchampionship.com,18728 Center Ave,Homewood,Illinois,60430.0,"18728 Center Ave, Homewood, Illinois, 60430, United States",Casino,713290.0,True,6.0,"Under $500,000",zoominfo,geocoded,,True,rooftop,1,Cook County,,41.548691,-87.64596
